--
-- Script was generated by Devart dbForge Studio 2020 for MySQL, Version 9.0.338.0
-- Product home page: http://www.devart.com/dbforge/mysql/studio
-- Script date 25/01/2024 1:58:04 CH
-- Server version: 8.0.32
-- Client version: 4.1
--

-- 
-- Disable foreign keys
-- 
/*!40014 SET @OLD_FOREIGN_KEY_CHECKS=@@FOREIGN_KEY_CHECKS, FOREIGN_KEY_CHECKS=0 */;

-- 
-- Set SQL mode
-- 
/*!40101 SET @OLD_SQL_MODE=@@SQL_MODE, SQL_MODE='NO_AUTO_VALUE_ON_ZERO' */;

-- 
-- Set character set the client will use to send SQL statements to the server
--
SET NAMES 'utf8';

--
-- Set default database
--
USE qlcuahangbangiay;

--
-- Drop table `django_migrations`
--
DROP TABLE IF EXISTS django_migrations;

--
-- Drop table `django_session`
--
DROP TABLE IF EXISTS django_session;

--
-- Drop table `appgiay_useraccount_groups`
--
DROP TABLE IF EXISTS appgiay_useraccount_groups;

--
-- Drop table `auth_group_permissions`
--
DROP TABLE IF EXISTS auth_group_permissions;

--
-- Drop table `auth_group`
--
DROP TABLE IF EXISTS auth_group;

--
-- Drop table `appgiay_useraccount_user_permissions`
--
DROP TABLE IF EXISTS appgiay_useraccount_user_permissions;

--
-- Drop table `auth_permission`
--
DROP TABLE IF EXISTS auth_permission;

--
-- Drop table `django_admin_log`
--
DROP TABLE IF EXISTS django_admin_log;

--
-- Drop table `django_content_type`
--
DROP TABLE IF EXISTS django_content_type;

--
-- Drop table `chitietdonhang`
--
DROP TABLE IF EXISTS chitietdonhang;

--
-- Drop table `chitiethoadon_nhap_hang`
--
DROP TABLE IF EXISTS chitiethoadon_nhap_hang;

--
-- Drop table `chitietgiay`
--
DROP TABLE IF EXISTS chitietgiay;

--
-- Drop table `reviewsanpham`
--
DROP TABLE IF EXISTS reviewsanpham;

--
-- Drop table `danhmucgiay`
--
DROP TABLE IF EXISTS danhmucgiay;

--
-- Drop table `donhang`
--
DROP TABLE IF EXISTS donhang;

--
-- Drop table `hoadon_nhap_hang`
--
DROP TABLE IF EXISTS hoadon_nhap_hang;

--
-- Drop table `khachhang`
--
DROP TABLE IF EXISTS khachhang;

--
-- Drop table `nhanvien`
--
DROP TABLE IF EXISTS nhanvien;

--
-- Drop table `appgiay_useraccount`
--
DROP TABLE IF EXISTS appgiay_useraccount;

--
-- Set default database
--
USE qlcuahangbangiay;

--
-- Create table `appgiay_useraccount`
--
CREATE TABLE appgiay_useraccount (
  password varchar(128) NOT NULL,
  last_login datetime(6) DEFAULT NULL,
  is_superuser tinyint NOT NULL,
  IDUser int NOT NULL AUTO_INCREMENT,
  Email varchar(100) NOT NULL,
  GioiTinh smallint NOT NULL COMMENT ' Nam = 0,Nữ = 1, Khac = 2',
  NgaySinh date NOT NULL,
  date_joined datetime(6) NOT NULL,
  is_active tinyint NOT NULL,
  is_manager tinyint NOT NULL,
  accountname varchar(100) NOT NULL,
  PRIMARY KEY (IDUser)
)
ENGINE = INNODB,
AUTO_INCREMENT = 6,
AVG_ROW_LENGTH = 8192,
CHARACTER SET utf8mb4,
COLLATE utf8mb4_0900_ai_ci;

--
-- Create index `accountname` on table `appgiay_useraccount`
--
ALTER TABLE appgiay_useraccount
ADD UNIQUE INDEX accountname (accountname);

--
-- Create index `email` on table `appgiay_useraccount`
--
ALTER TABLE appgiay_useraccount
ADD UNIQUE INDEX email (Email);

--
-- Create table `nhanvien`
--
CREATE TABLE nhanvien (
  IDNhanVien int NOT NULL AUTO_INCREMENT,
  TenNhanVien varchar(50) NOT NULL,
  TenChucVu varchar(50) NOT NULL,
  DiaChi varchar(200) NOT NULL,
  SDT varchar(15) CHARACTER SET utf8mb3 COLLATE utf8mb3_general_ci NOT NULL,
  IDuser int NOT NULL,
  PRIMARY KEY (IDNhanVien)
)
ENGINE = INNODB,
AUTO_INCREMENT = 85404,
CHARACTER SET utf8mb4,
COLLATE utf8mb4_0900_ai_ci;

--
-- Create foreign key
--
ALTER TABLE nhanvien
ADD CONSTRAINT nhanvien_IDuser_2422d60f_fk_AppGiay_useraccount_IDUser FOREIGN KEY (IDuser)
REFERENCES appgiay_useraccount (IDUser);

--
-- Create table `khachhang`
--
CREATE TABLE khachhang (
  IDKhachHang int NOT NULL AUTO_INCREMENT,
  TenKhachHang varchar(50) NOT NULL DEFAULT '',
  DiaChi varchar(200) NOT NULL DEFAULT '',
  Email varchar(100) NOT NULL DEFAULT '',
  SDT char(15) CHARACTER SET utf8mb3 COLLATE utf8mb3_general_ci NOT NULL DEFAULT '',
  IDuser int DEFAULT NULL,
  DiemTichLuy smallint DEFAULT NULL,
  PRIMARY KEY (IDKhachHang)
)
ENGINE = INNODB,
AUTO_INCREMENT = 73385,
AVG_ROW_LENGTH = 5461,
CHARACTER SET utf8mb4,
COLLATE utf8mb4_0900_ai_ci;

--
-- Create foreign key
--
ALTER TABLE khachhang
ADD CONSTRAINT khachhang_IDuser_75672183_fk_AppGiay_useraccount_IDUser FOREIGN KEY (IDuser)
REFERENCES appgiay_useraccount (IDUser);

--
-- Create table `hoadon_nhap_hang`
--
CREATE TABLE hoadon_nhap_hang (
  IDHoaDon int NOT NULL AUTO_INCREMENT,
  IDKhachHang int NOT NULL,
  SoTienThanhToan int NOT NULL,
  CreateDay date NOT NULL,
  CreateBy varchar(50) NOT NULL DEFAULT '',
  PRIMARY KEY (IDHoaDon)
)
ENGINE = INNODB,
CHARACTER SET utf8mb4,
COLLATE utf8mb4_0900_ai_ci;

--
-- Create foreign key
--
ALTER TABLE hoadon_nhap_hang
ADD CONSTRAINT FK_hoadon_nhap_hang_IDKhachHang FOREIGN KEY (IDKhachHang)
REFERENCES khachhang (IDKhachHang);

--
-- Create table `donhang`
--
CREATE TABLE donhang (
  IDDonHang int NOT NULL AUTO_INCREMENT,
  IDKhachHang int NOT NULL,
  SoTienThanhToan int NOT NULL,
  CreateDay date NOT NULL,
  TrangThai char(10) NOT NULL COMMENT 'Trạng thái đon hàng : Checking=0, Confirm=1, Đang giao=2, Đã hoàn thành=3',
  ConfirmBy varchar(50) DEFAULT '',
  DVVanChuyen varchar(100) DEFAULT NULL,
  TenNV_VanChuyen varchar(50) DEFAULT NULL,
  SDT char(15) DEFAULT NULL,
  SoCCCD char(20) DEFAULT NULL,
  ThoiGianNhan datetime DEFAULT NULL,
  PRIMARY KEY (IDDonHang)
)
ENGINE = INNODB,
AUTO_INCREMENT = 66220,
AVG_ROW_LENGTH = 16384,
CHARACTER SET utf8mb4,
COLLATE utf8mb4_0900_ai_ci;

--
-- Create foreign key
--
ALTER TABLE donhang
ADD CONSTRAINT FK_hoadon_Xuat_hang_IDKhachHang FOREIGN KEY (IDKhachHang)
REFERENCES khachhang (IDKhachHang);

--
-- Create table `danhmucgiay`
--
CREATE TABLE danhmucgiay (
  IDDanhMuc int NOT NULL AUTO_INCREMENT,
  TenDanhMuc varchar(100) NOT NULL DEFAULT '',
  LoaiGiay varchar(50) NOT NULL DEFAULT '',
  HangSanXuat varchar(50) NOT NULL DEFAULT '',
  GiaTien int NOT NULL,
  DoiTuong smallint NOT NULL COMMENT 'Đối tượng hướng tới : Nam = 0,Nữ = 1, Khac = 2',
  PRIMARY KEY (IDDanhMuc)
)
ENGINE = INNODB,
AUTO_INCREMENT = 83107,
AVG_ROW_LENGTH = 5461,
CHARACTER SET utf8mb4,
COLLATE utf8mb4_0900_ai_ci;

--
-- Create table `reviewsanpham`
--
CREATE TABLE reviewsanpham (
  IDReview int NOT NULL AUTO_INCREMENT,
  IDLoaiGiay int NOT NULL,
  IDUser int NOT NULL,
  Comment varchar(300) NOT NULL DEFAULT '',
  CreateDay date NOT NULL,
  PRIMARY KEY (IDReview)
)
ENGINE = INNODB,
AUTO_INCREMENT = 97669,
CHARACTER SET utf8mb4,
COLLATE utf8mb4_0900_ai_ci;

--
-- Create foreign key
--
ALTER TABLE reviewsanpham
ADD CONSTRAINT reviewsanpham_IDLoaiGiay_5df4d38a_fk_danhmucgiay_IDDanhMuc FOREIGN KEY (IDLoaiGiay)
REFERENCES danhmucgiay (IDDanhMuc);

--
-- Create foreign key
--
ALTER TABLE reviewsanpham
ADD CONSTRAINT reviewsanpham_IDUser_4dd4c59e_fk_AppGiay_useraccount_IDUser FOREIGN KEY (IDUser)
REFERENCES appgiay_useraccount (IDUser);

--
-- Create table `chitietgiay`
--
CREATE TABLE chitietgiay (
  IDGiay int NOT NULL AUTO_INCREMENT COMMENT 'Mã của mặt hàng giầy',
  IDDanhMuc int NOT NULL,
  KichCo float NOT NULL,
  MauSac varchar(20) NOT NULL DEFAULT '',
  SoTonKho int NOT NULL,
  PRIMARY KEY (IDGiay)
)
ENGINE = INNODB,
AUTO_INCREMENT = 929890,
AVG_ROW_LENGTH = 2340,
CHARACTER SET utf8mb4,
COLLATE utf8mb4_0900_ai_ci;

--
-- Create foreign key
--
ALTER TABLE chitietgiay
ADD CONSTRAINT FK_chitietgiay_IDLoaiGiay FOREIGN KEY (IDDanhMuc)
REFERENCES danhmucgiay (IDDanhMuc);

--
-- Create table `chitiethoadon_nhap_hang`
--
CREATE TABLE chitiethoadon_nhap_hang (
  IDChitiet int NOT NULL AUTO_INCREMENT,
  IDHoaDon int NOT NULL,
  IDGiay int NOT NULL,
  SoLuong smallint NOT NULL,
  DonGia int NOT NULL,
  PRIMARY KEY (IDChitiet)
)
ENGINE = INNODB,
CHARACTER SET utf8mb4,
COLLATE utf8mb4_0900_ai_ci;

--
-- Create foreign key
--
ALTER TABLE chitiethoadon_nhap_hang
ADD CONSTRAINT FK_chitiethoadon_nhap_hang_IDGiay FOREIGN KEY (IDGiay)
REFERENCES chitietgiay (IDGiay);

--
-- Create foreign key
--
ALTER TABLE chitiethoadon_nhap_hang
ADD CONSTRAINT FK_chitiethoadon_Nhap_hang_IDHoaDon FOREIGN KEY (IDHoaDon)
REFERENCES hoadon_nhap_hang (IDHoaDon);

--
-- Create table `chitietdonhang`
--
CREATE TABLE chitietdonhang (
  IDChitiet int NOT NULL AUTO_INCREMENT,
  IDDonHang int NOT NULL,
  IDGiay int NOT NULL,
  SoLuong smallint NOT NULL,
  DonGia int NOT NULL,
  PRIMARY KEY (IDChitiet)
)
ENGINE = INNODB,
AUTO_INCREMENT = 82270,
AVG_ROW_LENGTH = 16384,
CHARACTER SET utf8mb4,
COLLATE utf8mb4_0900_ai_ci;

--
-- Create foreign key
--
ALTER TABLE chitietdonhang
ADD CONSTRAINT FK_chitiethd_IDHoaDon FOREIGN KEY (IDDonHang)
REFERENCES donhang (IDDonHang);

--
-- Create foreign key
--
ALTER TABLE chitietdonhang
ADD CONSTRAINT FK_chitiethoadon_xuat_hang_IDGiay FOREIGN KEY (IDGiay)
REFERENCES chitietgiay (IDGiay);

--
-- Create table `django_content_type`
--
CREATE TABLE django_content_type (
  id int NOT NULL AUTO_INCREMENT,
  app_label varchar(100) NOT NULL,
  model varchar(100) NOT NULL,
  PRIMARY KEY (id)
)
ENGINE = INNODB,
AUTO_INCREMENT = 26,
AVG_ROW_LENGTH = 655,
CHARACTER SET utf8mb4,
COLLATE utf8mb4_0900_ai_ci;

--
-- Create index `django_content_type_app_label_model_76bd3d3b_uniq` on table `django_content_type`
--
ALTER TABLE django_content_type
ADD UNIQUE INDEX django_content_type_app_label_model_76bd3d3b_uniq (app_label, model);

--
-- Create table `django_admin_log`
--
CREATE TABLE django_admin_log (
  id int NOT NULL AUTO_INCREMENT,
  action_time datetime(6) NOT NULL,
  object_id longtext DEFAULT NULL,
  object_repr varchar(200) NOT NULL,
  action_flag smallint UNSIGNED NOT NULL,
  change_message longtext NOT NULL,
  content_type_id int DEFAULT NULL,
  user_id int NOT NULL,
  PRIMARY KEY (id)
)
ENGINE = INNODB,
CHARACTER SET utf8mb4,
COLLATE utf8mb4_0900_ai_ci;

--
-- Create check constraint
--
ALTER TABLE django_admin_log
ADD CONSTRAINT django_admin_log_chk_1 CHECK (`action_flag` >= 0);

--
-- Create foreign key
--
ALTER TABLE django_admin_log
ADD CONSTRAINT django_admin_log_content_type_id_c4bce8eb_fk_django_co FOREIGN KEY (content_type_id)
REFERENCES django_content_type (id);

--
-- Create foreign key
--
ALTER TABLE django_admin_log
ADD CONSTRAINT django_admin_log_user_id_c564eba6_fk_AppGiay_useraccount_IDUser FOREIGN KEY (user_id)
REFERENCES appgiay_useraccount (IDUser);

--
-- Create table `auth_permission`
--
CREATE TABLE auth_permission (
  id int NOT NULL AUTO_INCREMENT,
  name varchar(255) NOT NULL,
  content_type_id int NOT NULL,
  codename varchar(100) NOT NULL,
  PRIMARY KEY (id)
)
ENGINE = INNODB,
AUTO_INCREMENT = 101,
AVG_ROW_LENGTH = 163,
CHARACTER SET utf8mb4,
COLLATE utf8mb4_0900_ai_ci;

--
-- Create index `auth_permission_content_type_id_codename_01ab375a_uniq` on table `auth_permission`
--
ALTER TABLE auth_permission
ADD UNIQUE INDEX auth_permission_content_type_id_codename_01ab375a_uniq (content_type_id, codename);

--
-- Create foreign key
--
ALTER TABLE auth_permission
ADD CONSTRAINT auth_permission_content_type_id_2f476e4b_fk_django_co FOREIGN KEY (content_type_id)
REFERENCES django_content_type (id);

--
-- Create table `appgiay_useraccount_user_permissions`
--
CREATE TABLE appgiay_useraccount_user_permissions (
  id bigint NOT NULL AUTO_INCREMENT,
  useraccount_id int NOT NULL,
  permission_id int NOT NULL,
  PRIMARY KEY (id)
)
ENGINE = INNODB,
CHARACTER SET utf8mb4,
COLLATE utf8mb4_0900_ai_ci;

--
-- Create index `AppGiay_useraccount_user_useraccount_id_permissio_68659cc8_uniq` on table `appgiay_useraccount_user_permissions`
--
ALTER TABLE appgiay_useraccount_user_permissions
ADD UNIQUE INDEX AppGiay_useraccount_user_useraccount_id_permissio_68659cc8_uniq (useraccount_id, permission_id);

--
-- Create foreign key
--
ALTER TABLE appgiay_useraccount_user_permissions
ADD CONSTRAINT AppGiay_useraccount__permission_id_5d9b0a34_fk_auth_perm FOREIGN KEY (permission_id)
REFERENCES auth_permission (id);

--
-- Create foreign key
--
ALTER TABLE appgiay_useraccount_user_permissions
ADD CONSTRAINT AppGiay_useraccount__useraccount_id_829473ce_fk_AppGiay_u FOREIGN KEY (useraccount_id)
REFERENCES appgiay_useraccount (IDUser);

--
-- Create table `auth_group`
--
CREATE TABLE auth_group (
  id int NOT NULL AUTO_INCREMENT,
  name varchar(150) NOT NULL,
  PRIMARY KEY (id)
)
ENGINE = INNODB,
CHARACTER SET utf8mb4,
COLLATE utf8mb4_0900_ai_ci;

--
-- Create index `name` on table `auth_group`
--
ALTER TABLE auth_group
ADD UNIQUE INDEX name (name);

--
-- Create table `auth_group_permissions`
--
CREATE TABLE auth_group_permissions (
  id bigint NOT NULL AUTO_INCREMENT,
  group_id int NOT NULL,
  permission_id int NOT NULL,
  PRIMARY KEY (id)
)
ENGINE = INNODB,
CHARACTER SET utf8mb4,
COLLATE utf8mb4_0900_ai_ci;

--
-- Create index `auth_group_permissions_group_id_permission_id_0cd325b0_uniq` on table `auth_group_permissions`
--
ALTER TABLE auth_group_permissions
ADD UNIQUE INDEX auth_group_permissions_group_id_permission_id_0cd325b0_uniq (group_id, permission_id);

--
-- Create foreign key
--
ALTER TABLE auth_group_permissions
ADD CONSTRAINT auth_group_permissio_permission_id_84c5c92e_fk_auth_perm FOREIGN KEY (permission_id)
REFERENCES auth_permission (id);

--
-- Create foreign key
--
ALTER TABLE auth_group_permissions
ADD CONSTRAINT auth_group_permissions_group_id_b120cbf9_fk_auth_group_id FOREIGN KEY (group_id)
REFERENCES auth_group (id);

--
-- Create table `appgiay_useraccount_groups`
--
CREATE TABLE appgiay_useraccount_groups (
  id bigint NOT NULL AUTO_INCREMENT,
  useraccount_id int NOT NULL,
  group_id int NOT NULL,
  PRIMARY KEY (id)
)
ENGINE = INNODB,
CHARACTER SET utf8mb4,
COLLATE utf8mb4_0900_ai_ci;

--
-- Create index `AppGiay_useraccount_groups_useraccount_id_group_id_1edf4126_uniq` on table `appgiay_useraccount_groups`
--
ALTER TABLE appgiay_useraccount_groups
ADD UNIQUE INDEX AppGiay_useraccount_groups_useraccount_id_group_id_1edf4126_uniq (useraccount_id, group_id);

--
-- Create foreign key
--
ALTER TABLE appgiay_useraccount_groups
ADD CONSTRAINT AppGiay_useraccount__useraccount_id_7bdb255a_fk_AppGiay_u FOREIGN KEY (useraccount_id)
REFERENCES appgiay_useraccount (IDUser);

--
-- Create foreign key
--
ALTER TABLE appgiay_useraccount_groups
ADD CONSTRAINT AppGiay_useraccount_groups_group_id_96899ba4_fk_auth_group_id FOREIGN KEY (group_id)
REFERENCES auth_group (id);

--
-- Create table `django_session`
--
CREATE TABLE django_session (
  session_key varchar(40) NOT NULL,
  session_data longtext NOT NULL,
  expire_date datetime(6) NOT NULL,
  PRIMARY KEY (session_key)
)
ENGINE = INNODB,
CHARACTER SET utf8mb4,
COLLATE utf8mb4_0900_ai_ci;

--
-- Create index `django_session_expire_date_a5c62663` on table `django_session`
--
ALTER TABLE django_session
ADD INDEX django_session_expire_date_a5c62663 (expire_date);

--
-- Create table `django_migrations`
--
CREATE TABLE django_migrations (
  id bigint NOT NULL AUTO_INCREMENT,
  app varchar(255) NOT NULL,
  name varchar(255) NOT NULL,
  applied datetime(6) NOT NULL,
  PRIMARY KEY (id)
)
ENGINE = INNODB,
AUTO_INCREMENT = 32,
AVG_ROW_LENGTH = 585,
CHARACTER SET utf8mb4,
COLLATE utf8mb4_0900_ai_ci;

-- 
-- Dumping data for table appgiay_useraccount
--
INSERT INTO appgiay_useraccount VALUES
('pbkdf2_sha256$600000$NS1dhQ7EqhL4V7BSt1uUUh$txR4mqRMB5lxINJW0jblO9ShCtZdiHWGAIK/g7+uy10=', NULL, 0, 2, 'buthoi1234@gmail.com', 0, '2002-05-12', '2023-12-14 00:00:00', 1, 0, ' Nguyen Minh Duc'),
('pbkdf2_sha256$600000$LnMYocHF7SyVKkDmQSYh6a$QNSaiN4ghz733aWOdoOxC5e9oUbaZVkOfx8wesA85V4=', NULL, 0, 4, 'jaxlp1009@gmail.com', 0, '2002-12-10', '2023-12-14 00:00:00', 1, 1, ' Pham Duc Phuc'),
('pbkdf2_sha256$600000$o2tgLt7bk8XGjwzrJIgRLE$Bwd7G/qWc1qRJyb6Bpj1FdyXhg+deu+JwL/IOVG1ZpY=', NULL, 0, 5, 'modzila1003@gmail.com', 1, '2002-03-10', '2023-12-14 00:00:00', 1, 0, ' Le Minh Nghia');

-- 
-- Dumping data for table khachhang
--
INSERT INTO khachhang VALUES
(1550, ' Nguyen Minh Duc', ' 12a ngo 16 Khuong Trung, Lang Ha, Dong Da, Ha Noi', 'buthoi1234@gmail.com', '0976425678', 2, 0),
(2440, ' Le Minh Nghia', ' 14 ngo 3, Thai ha,Đong Da, Ha Noi', 'modzila1003@gmail.com', '0978925678', 5, 0),
(10000, 'Guest', 'None', 'None', '0000000000', NULL, NULL),
(73384, 'Nguyen Vu Trong', ' 108 chung cu Vinhome, 421 Quang Trung, Ha Dong, Ha Noi', 'Jaxlp1009@gmail.com', '0854925678', NULL, NULL);

-- 
-- Dumping data for table danhmucgiay
--
INSERT INTO danhmucgiay VALUES
(10259, 'Nike air Force x10', 'giay the thao', 'Nike', 1500000, 0);

-- 
-- Dumping data for table django_content_type
--
INSERT INTO django_content_type VALUES
(1, 'admin', 'logentry'),
(6, 'AppGiay', 'authgroup'),
(7, 'AppGiay', 'authgrouppermissions'),
(8, 'AppGiay', 'authpermission'),
(9, 'AppGiay', 'authuser'),
(10, 'AppGiay', 'authusergroups'),
(11, 'AppGiay', 'authuseruserpermissions'),
(12, 'AppGiay', 'chitietdonhang'),
(13, 'AppGiay', 'chitietgiay'),
(14, 'AppGiay', 'chitiethoadonnhaphang'),
(15, 'AppGiay', 'danhmucgiay'),
(16, 'AppGiay', 'djangoadminlog'),
(17, 'AppGiay', 'djangocontenttype'),
(18, 'AppGiay', 'djangomigrations'),
(19, 'AppGiay', 'djangosession'),
(20, 'AppGiay', 'donhang'),
(21, 'AppGiay', 'hoadonnhaphang'),
(22, 'AppGiay', 'khachhang'),
(25, 'AppGiay', 'nhanvien'),
(23, 'AppGiay', 'reviewsanpham'),
(24, 'AppGiay', 'useraccount'),
(3, 'auth', 'group'),
(2, 'auth', 'permission'),
(4, 'contenttypes', 'contenttype'),
(5, 'sessions', 'session');

-- 
-- Dumping data for table hoadon_nhap_hang
--
-- Table qlcuahangbangiay.hoadon_nhap_hang does not contain any data (it is empty)

-- 
-- Dumping data for table donhang
--
INSERT INTO donhang VALUES
(42435, 73384, 4500000, '2023-12-14', 'Confirm', NULL, NULL, NULL, NULL, NULL, NULL);

-- 
-- Dumping data for table chitietgiay
--
INSERT INTO chitietgiay VALUES
(363255, 10259, 37.5, 'blue-black', 90),
(821517, 10259, 38, 'blue-white', 60);

-- 
-- Dumping data for table auth_permission
--
INSERT INTO auth_permission VALUES
(1, 'Can add log entry', 1, 'add_logentry'),
(2, 'Can change log entry', 1, 'change_logentry'),
(3, 'Can delete log entry', 1, 'delete_logentry'),
(4, 'Can view log entry', 1, 'view_logentry'),
(5, 'Can add permission', 2, 'add_permission'),
(6, 'Can change permission', 2, 'change_permission'),
(7, 'Can delete permission', 2, 'delete_permission'),
(8, 'Can view permission', 2, 'view_permission'),
(9, 'Can add group', 3, 'add_group'),
(10, 'Can change group', 3, 'change_group'),
(11, 'Can delete group', 3, 'delete_group'),
(12, 'Can view group', 3, 'view_group'),
(13, 'Can add content type', 4, 'add_contenttype'),
(14, 'Can change content type', 4, 'change_contenttype'),
(15, 'Can delete content type', 4, 'delete_contenttype'),
(16, 'Can view content type', 4, 'view_contenttype'),
(17, 'Can add session', 5, 'add_session'),
(18, 'Can change session', 5, 'change_session'),
(19, 'Can delete session', 5, 'delete_session'),
(20, 'Can view session', 5, 'view_session'),
(21, 'Can add auth group', 6, 'add_authgroup'),
(22, 'Can change auth group', 6, 'change_authgroup'),
(23, 'Can delete auth group', 6, 'delete_authgroup'),
(24, 'Can view auth group', 6, 'view_authgroup'),
(25, 'Can add auth group permissions', 7, 'add_authgrouppermissions'),
(26, 'Can change auth group permissions', 7, 'change_authgrouppermissions'),
(27, 'Can delete auth group permissions', 7, 'delete_authgrouppermissions'),
(28, 'Can view auth group permissions', 7, 'view_authgrouppermissions'),
(29, 'Can add auth permission', 8, 'add_authpermission'),
(30, 'Can change auth permission', 8, 'change_authpermission'),
(31, 'Can delete auth permission', 8, 'delete_authpermission'),
(32, 'Can view auth permission', 8, 'view_authpermission'),
(33, 'Can add auth user', 9, 'add_authuser'),
(34, 'Can change auth user', 9, 'change_authuser'),
(35, 'Can delete auth user', 9, 'delete_authuser'),
(36, 'Can view auth user', 9, 'view_authuser'),
(37, 'Can add auth user groups', 10, 'add_authusergroups'),
(38, 'Can change auth user groups', 10, 'change_authusergroups'),
(39, 'Can delete auth user groups', 10, 'delete_authusergroups'),
(40, 'Can view auth user groups', 10, 'view_authusergroups'),
(41, 'Can add auth user user permissions', 11, 'add_authuseruserpermissions'),
(42, 'Can change auth user user permissions', 11, 'change_authuseruserpermissions'),
(43, 'Can delete auth user user permissions', 11, 'delete_authuseruserpermissions'),
(44, 'Can view auth user user permissions', 11, 'view_authuseruserpermissions'),
(45, 'Can add chitietdonhang', 12, 'add_chitietdonhang'),
(46, 'Can change chitietdonhang', 12, 'change_chitietdonhang'),
(47, 'Can delete chitietdonhang', 12, 'delete_chitietdonhang'),
(48, 'Can view chitietdonhang', 12, 'view_chitietdonhang'),
(49, 'Can add chitietgiay', 13, 'add_chitietgiay'),
(50, 'Can change chitietgiay', 13, 'change_chitietgiay'),
(51, 'Can delete chitietgiay', 13, 'delete_chitietgiay'),
(52, 'Can view chitietgiay', 13, 'view_chitietgiay'),
(53, 'Can add chitiethoadon nhap hang', 14, 'add_chitiethoadonnhaphang'),
(54, 'Can change chitiethoadon nhap hang', 14, 'change_chitiethoadonnhaphang'),
(55, 'Can delete chitiethoadon nhap hang', 14, 'delete_chitiethoadonnhaphang'),
(56, 'Can view chitiethoadon nhap hang', 14, 'view_chitiethoadonnhaphang'),
(57, 'Can add danhmucgiay', 15, 'add_danhmucgiay'),
(58, 'Can change danhmucgiay', 15, 'change_danhmucgiay'),
(59, 'Can delete danhmucgiay', 15, 'delete_danhmucgiay'),
(60, 'Can view danhmucgiay', 15, 'view_danhmucgiay'),
(61, 'Can add django admin log', 16, 'add_djangoadminlog'),
(62, 'Can change django admin log', 16, 'change_djangoadminlog'),
(63, 'Can delete django admin log', 16, 'delete_djangoadminlog'),
(64, 'Can view django admin log', 16, 'view_djangoadminlog'),
(65, 'Can add django content type', 17, 'add_djangocontenttype'),
(66, 'Can change django content type', 17, 'change_djangocontenttype'),
(67, 'Can delete django content type', 17, 'delete_djangocontenttype'),
(68, 'Can view django content type', 17, 'view_djangocontenttype'),
(69, 'Can add django migrations', 18, 'add_djangomigrations'),
(70, 'Can change django migrations', 18, 'change_djangomigrations'),
(71, 'Can delete django migrations', 18, 'delete_djangomigrations'),
(72, 'Can view django migrations', 18, 'view_djangomigrations'),
(73, 'Can add django session', 19, 'add_djangosession'),
(74, 'Can change django session', 19, 'change_djangosession'),
(75, 'Can delete django session', 19, 'delete_djangosession'),
(76, 'Can view django session', 19, 'view_djangosession'),
(77, 'Can add donhang', 20, 'add_donhang'),
(78, 'Can change donhang', 20, 'change_donhang'),
(79, 'Can delete donhang', 20, 'delete_donhang'),
(80, 'Can view donhang', 20, 'view_donhang'),
(81, 'Can add hoadon nhap hang', 21, 'add_hoadonnhaphang'),
(82, 'Can change hoadon nhap hang', 21, 'change_hoadonnhaphang'),
(83, 'Can delete hoadon nhap hang', 21, 'delete_hoadonnhaphang'),
(84, 'Can view hoadon nhap hang', 21, 'view_hoadonnhaphang'),
(85, 'Can add khachhang', 22, 'add_khachhang'),
(86, 'Can change khachhang', 22, 'change_khachhang'),
(87, 'Can delete khachhang', 22, 'delete_khachhang'),
(88, 'Can view khachhang', 22, 'view_khachhang'),
(89, 'Can add reviewsanpham', 23, 'add_reviewsanpham'),
(90, 'Can change reviewsanpham', 23, 'change_reviewsanpham'),
(91, 'Can delete reviewsanpham', 23, 'delete_reviewsanpham'),
(92, 'Can view reviewsanpham', 23, 'view_reviewsanpham'),
(93, 'Can add user account', 24, 'add_useraccount'),
(94, 'Can change user account', 24, 'change_useraccount'),
(95, 'Can delete user account', 24, 'delete_useraccount'),
(96, 'Can view user account', 24, 'view_useraccount'),
(97, 'Can add nhanvien', 25, 'add_nhanvien'),
(98, 'Can change nhanvien', 25, 'change_nhanvien'),
(99, 'Can delete nhanvien', 25, 'delete_nhanvien'),
(100, 'Can view nhanvien', 25, 'view_nhanvien');

-- 
-- Dumping data for table auth_group
--
-- Table qlcuahangbangiay.auth_group does not contain any data (it is empty)

-- 
-- Dumping data for table reviewsanpham
--
INSERT INTO reviewsanpham VALUES
(97668, 10259, 2, 'Hey boy, this is a test', '2023-12-14');

-- 
-- Dumping data for table nhanvien
--
INSERT INTO nhanvien VALUES
(85403, ' Pham Duc Phuc', 'Nhan Vien', ' 10a ngo 70 Hoang Hoa Tham, Hai Ba Trung, Dong Da, Ha Noi', '0978925678', 4);

-- 
-- Dumping data for table django_session
--
-- Table qlcuahangbangiay.django_session does not contain any data (it is empty)

-- 
-- Dumping data for table django_migrations
--
INSERT INTO django_migrations VALUES
(1, 'contenttypes', '0001_initial', '2023-12-14 07:37:31.843091'),
(2, 'contenttypes', '0002_remove_content_type_name', '2023-12-14 07:37:31.88124'),
(3, 'auth', '0001_initial', '2023-12-14 07:37:32.017838'),
(4, 'auth', '0002_alter_permission_name_max_length', '2023-12-14 07:37:32.05449'),
(5, 'auth', '0003_alter_user_email_max_length', '2023-12-14 07:37:32.061494'),
(6, 'auth', '0004_alter_user_username_opts', '2023-12-14 07:37:32.070494'),
(7, 'auth', '0005_alter_user_last_login_null', '2023-12-14 07:37:32.079492'),
(8, 'auth', '0006_require_contenttypes_0002', '2023-12-14 07:37:32.083693'),
(9, 'auth', '0007_alter_validators_add_error_messages', '2023-12-14 07:37:32.092693'),
(10, 'auth', '0008_alter_user_username_max_length', '2023-12-14 07:37:32.101687'),
(11, 'auth', '0009_alter_user_last_name_max_length', '2023-12-14 07:37:32.110692'),
(12, 'auth', '0010_alter_group_name_max_length', '2023-12-14 07:37:32.129688'),
(13, 'auth', '0011_update_proxy_permissions', '2023-12-14 07:37:32.140471'),
(14, 'auth', '0012_alter_user_first_name_max_length', '2023-12-14 07:37:32.150473'),
(15, 'AppGiay', '0001_initial', '2023-12-14 07:37:32.320568'),
(16, 'AppGiay', '0002_nhanvien_delete_taikhoankhachhang_and_more', '2023-12-14 07:37:32.506398'),
(17, 'admin', '0001_initial', '2023-12-14 07:37:32.584451'),
(18, 'admin', '0002_logentry_remove_auto_add', '2023-12-14 07:37:32.593596'),
(19, 'admin', '0003_logentry_add_action_flag_choices', '2023-12-14 07:37:32.603395'),
(20, 'sessions', '0001_initial', '2023-12-14 07:37:32.634192'),
(21, 'AppGiay', '0003_khachhang_id', '2023-12-14 07:39:39.899723'),
(22, 'AppGiay', '0004_alter_reviewsanpham_options', '2023-12-14 07:40:37.58766'),
(23, 'AppGiay', '0004_alter_khachhang_options_alter_nhanvien_options', '2023-12-14 07:55:01.111744'),
(24, 'AppGiay', '0005_alter_khachhang_options', '2023-12-14 07:55:23.889369'),
(25, 'AppGiay', '0006_khachhang_diemtichluy', '2023-12-14 07:55:29.570452'),
(26, 'AppGiay', '0007_alter_khachhang_options', '2023-12-14 07:56:21.058613'),
(27, 'AppGiay', '0008_alter_reviewsanpham_options', '2023-12-14 07:56:21.067748'),
(28, 'AppGiay', '0009_alter_reviewsanpham_options', '2023-12-14 07:57:29.208635'),
(29, 'AppGiay', '0003_alter_reviewsanpham_options', '2023-12-14 09:13:47.213419'),
(30, 'AppGiay', '0004_reviewsanpham_id_reviewsanpham_idloaigiay', '2023-12-14 09:16:26.659919'),
(31, 'AppGiay', '0005_alter_reviewsanpham_id_and_more', '2023-12-14 09:17:18.318587');

-- 
-- Dumping data for table django_admin_log
--
-- Table qlcuahangbangiay.django_admin_log does not contain any data (it is empty)

-- 
-- Dumping data for table chitiethoadon_nhap_hang
--
-- Table qlcuahangbangiay.chitiethoadon_nhap_hang does not contain any data (it is empty)

-- 
-- Dumping data for table chitietdonhang
--
INSERT INTO chitietdonhang VALUES
(72884, 42435, 821517, 3, 4500000);

-- 
-- Dumping data for table auth_group_permissions
--
-- Table qlcuahangbangiay.auth_group_permissions does not contain any data (it is empty)

-- 
-- Dumping data for table appgiay_useraccount_user_permissions
--
-- Table qlcuahangbangiay.appgiay_useraccount_user_permissions does not contain any data (it is empty)

-- 
-- Dumping data for table appgiay_useraccount_groups
--
-- Table qlcuahangbangiay.appgiay_useraccount_groups does not contain any data (it is empty)

-- 
-- Restore previous SQL mode
-- 
/*!40101 SET SQL_MODE=@OLD_SQL_MODE */;

-- 
-- Enable foreign keys
-- 
/*!40014 SET FOREIGN_KEY_CHECKS = @OLD_FOREIGN_KEY_CHECKS */;