--
-- Script was generated by Devart dbForge Studio 2020 for MySQL, Version 9.0.338.0
-- Product home page: http://www.devart.com/dbforge/mysql/studio
-- Script date 27/11/2023 10:54:16 CH
-- Server version: 8.0.32
-- Client version: 4.1
--

-- 
-- Disable foreign keys
-- 
/*!40014 SET @OLD_FOREIGN_KEY_CHECKS=@@FOREIGN_KEY_CHECKS, FOREIGN_KEY_CHECKS=0 */;

-- 
-- Set SQL mode
-- 
/*!40101 SET @OLD_SQL_MODE=@@SQL_MODE, SQL_MODE='NO_AUTO_VALUE_ON_ZERO' */;

-- 
-- Set character set the client will use to send SQL statements to the server
--
SET NAMES 'utf8';

--
-- Set default database
--
USE qlcuahangbangiay;

--
-- Drop table `django_migrations`
--
DROP TABLE IF EXISTS django_migrations;

--
-- Drop table `django_session`
--
DROP TABLE IF EXISTS django_session;

--
-- Drop table `auth_group_permissions`
--
DROP TABLE IF EXISTS auth_group_permissions;

--
-- Drop table `auth_user_groups`
--
DROP TABLE IF EXISTS auth_user_groups;

--
-- Drop table `auth_group`
--
DROP TABLE IF EXISTS auth_group;

--
-- Drop table `auth_user_user_permissions`
--
DROP TABLE IF EXISTS auth_user_user_permissions;

--
-- Drop table `django_admin_log`
--
DROP TABLE IF EXISTS django_admin_log;

--
-- Drop table `auth_user`
--
DROP TABLE IF EXISTS auth_user;

--
-- Drop table `auth_permission`
--
DROP TABLE IF EXISTS auth_permission;

--
-- Drop table `django_content_type`
--
DROP TABLE IF EXISTS django_content_type;

--
-- Drop table `reviewsanpham`
--
DROP TABLE IF EXISTS reviewsanpham;

--
-- Drop table `taikhoan_khachhang`
--
DROP TABLE IF EXISTS taikhoan_khachhang;

--
-- Drop table `chitietdonhang`
--
DROP TABLE IF EXISTS chitietdonhang;

--
-- Drop table `chitiethoadon_nhap_hang`
--
DROP TABLE IF EXISTS chitiethoadon_nhap_hang;

--
-- Drop table `chitietgiay`
--
DROP TABLE IF EXISTS chitietgiay;

--
-- Drop table `danhmucgiay`
--
DROP TABLE IF EXISTS danhmucgiay;

--
-- Drop table `donhang`
--
DROP TABLE IF EXISTS donhang;

--
-- Drop table `hoadon_nhap_hang`
--
DROP TABLE IF EXISTS hoadon_nhap_hang;

--
-- Drop table `khachhang`
--
DROP TABLE IF EXISTS khachhang;

--
-- Set default database
--
USE qlcuahangbangiay;

--
-- Create table `khachhang`
--
CREATE TABLE khachhang (
  IDKhachHang int NOT NULL AUTO_INCREMENT,
  TenKhachHang varchar(50) NOT NULL DEFAULT '',
  DiaChi varchar(200) NOT NULL DEFAULT '',
  Email varchar(100) NOT NULL DEFAULT '',
  SDT char(15) CHARACTER SET utf8mb3 COLLATE utf8mb3_general_ci NOT NULL DEFAULT '',
  PRIMARY KEY (IDKhachHang)
)
ENGINE = INNODB,
CHARACTER SET utf8mb4,
COLLATE utf8mb4_0900_ai_ci;

--
-- Create table `hoadon_nhap_hang`
--
CREATE TABLE hoadon_nhap_hang (
  IDHoaDon int NOT NULL AUTO_INCREMENT,
  IDKhachHang int NOT NULL,
  SoTienThanhToan int NOT NULL,
  CreateDay date NOT NULL,
  CreateBy varchar(50) NOT NULL DEFAULT '',
  PRIMARY KEY (IDHoaDon)
)
ENGINE = INNODB,
CHARACTER SET utf8mb4,
COLLATE utf8mb4_0900_ai_ci;

--
-- Create foreign key
--
ALTER TABLE hoadon_nhap_hang
ADD CONSTRAINT FK_hoadon_nhap_hang_IDKhachHang FOREIGN KEY (IDKhachHang)
REFERENCES khachhang (IDKhachHang);

--
-- Create table `donhang`
--
CREATE TABLE donhang (
  IDDonHang int NOT NULL AUTO_INCREMENT,
  IDKhachHang int NOT NULL,
  SoTienThanhToan int NOT NULL,
  CreateDay date NOT NULL,
  CreateBy varchar(50) NOT NULL DEFAULT '',
  TrangThai smallint NOT NULL COMMENT 'Trạng thái đon hàng : Checking=0, Confirm=1, Đang giao=2, Đã hoàn thành=3',
  DVVanChuyen varchar(100) DEFAULT NULL,
  TenNV_VanChuyen varchar(50) DEFAULT NULL,
  SDT char(15) DEFAULT NULL,
  SoCCCD char(20) DEFAULT NULL,
  ThoiGianNhan datetime DEFAULT NULL,
  PRIMARY KEY (IDDonHang)
)
ENGINE = INNODB,
CHARACTER SET utf8mb4,
COLLATE utf8mb4_0900_ai_ci;

--
-- Create foreign key
--
ALTER TABLE donhang
ADD CONSTRAINT FK_hoadon_Xuat_hang_IDKhachHang FOREIGN KEY (IDKhachHang)
REFERENCES khachhang (IDKhachHang);

--
-- Create table `danhmucgiay`
--
CREATE TABLE danhmucgiay (
  IDDanhMuc int NOT NULL AUTO_INCREMENT,
  TenDanhMuc varchar(100) NOT NULL DEFAULT '',
  LoaiGiay varchar(50) NOT NULL DEFAULT '',
  HangSanXuat varchar(50) NOT NULL DEFAULT '',
  GiaTien int NOT NULL,
  DoiTuong smallint NOT NULL COMMENT 'Đối tượng hướng tới : Nam = 0,Nữ = 1, Khac = 2',
  PRIMARY KEY (IDDanhMuc)
)
ENGINE = INNODB,
CHARACTER SET utf8mb4,
COLLATE utf8mb4_0900_ai_ci;

--
-- Create table `chitietgiay`
--
CREATE TABLE chitietgiay (
  IDGiay int NOT NULL AUTO_INCREMENT COMMENT 'Mã của mặt hàng giầy',
  IDDanhMuc int NOT NULL,
  KichCo float NOT NULL,
  MauSac varchar(20) NOT NULL DEFAULT '',
  SoTonKho int NOT NULL,
  PRIMARY KEY (IDGiay)
)
ENGINE = INNODB,
CHARACTER SET utf8mb4,
COLLATE utf8mb4_0900_ai_ci;

--
-- Create foreign key
--
ALTER TABLE chitietgiay
ADD CONSTRAINT FK_chitietgiay_IDLoaiGiay FOREIGN KEY (IDDanhMuc)
REFERENCES danhmucgiay (IDDanhMuc);

--
-- Create table `chitiethoadon_nhap_hang`
--
CREATE TABLE chitiethoadon_nhap_hang (
  IDHoaDon int NOT NULL,
  IDGiay int NOT NULL,
  SoLuong smallint NOT NULL,
  DonGia int NOT NULL
)
ENGINE = INNODB,
CHARACTER SET utf8mb4,
COLLATE utf8mb4_0900_ai_ci;

--
-- Create foreign key
--
ALTER TABLE chitiethoadon_nhap_hang
ADD CONSTRAINT FK_chitiethoadon_nhap_hang_IDGiay FOREIGN KEY (IDGiay)
REFERENCES chitietgiay (IDGiay);

--
-- Create foreign key
--
ALTER TABLE chitiethoadon_nhap_hang
ADD CONSTRAINT FK_chitiethoadon_Nhap_hang_IDHoaDon FOREIGN KEY (IDHoaDon)
REFERENCES hoadon_nhap_hang (IDHoaDon);

--
-- Create table `chitietdonhang`
--
CREATE TABLE chitietdonhang (
  IDDonHang int NOT NULL,
  IDGiay int NOT NULL,
  SoLuong smallint NOT NULL,
  DonGia int NOT NULL
)
ENGINE = INNODB,
CHARACTER SET utf8mb4,
COLLATE utf8mb4_0900_ai_ci;

--
-- Create foreign key
--
ALTER TABLE chitietdonhang
ADD CONSTRAINT FK_chitiethd_IDHoaDon FOREIGN KEY (IDDonHang)
REFERENCES donhang (IDDonHang);

--
-- Create foreign key
--
ALTER TABLE chitietdonhang
ADD CONSTRAINT FK_chitiethoadon_xuat_hang_IDGiay FOREIGN KEY (IDGiay)
REFERENCES chitietgiay (IDGiay);

--
-- Create table `taikhoan_khachhang`
--
CREATE TABLE taikhoan_khachhang (
  IDTaiKhoan int NOT NULL AUTO_INCREMENT,
  IDKhachHang varchar(255) NOT NULL DEFAULT '',
  Username varchar(30) NOT NULL DEFAULT '',
  Password varchar(30) NOT NULL DEFAULT '',
  GioiTinh smallint NOT NULL COMMENT ' Nam = 0,Nữ = 1, Khac = 2',
  NgaySinh date NOT NULL,
  DiemTichLuy int NOT NULL,
  NgayLapTK date NOT NULL,
  PRIMARY KEY (IDTaiKhoan)
)
ENGINE = INNODB,
CHARACTER SET utf8mb4,
COLLATE utf8mb4_0900_ai_ci;

--
-- Create table `reviewsanpham`
--
CREATE TABLE reviewsanpham (
  IDTaiKhoan int NOT NULL,
  IDLoaiGiay int NOT NULL,
  Comment varchar(300) NOT NULL DEFAULT ''
)
ENGINE = INNODB,
CHARACTER SET utf8mb4,
COLLATE utf8mb4_0900_ai_ci;

--
-- Create foreign key
--
ALTER TABLE reviewsanpham
ADD CONSTRAINT FK_reviewsanpham_IDGiay FOREIGN KEY (IDLoaiGiay)
REFERENCES chitietgiay (IDGiay);

--
-- Create foreign key
--
ALTER TABLE reviewsanpham
ADD CONSTRAINT FK_reviewsanpham_IDTaiKhoan FOREIGN KEY (IDTaiKhoan)
REFERENCES taikhoan_khachhang (IDTaiKhoan);

--
-- Create table `django_content_type`
--
CREATE TABLE django_content_type (
  id int NOT NULL AUTO_INCREMENT,
  app_label varchar(100) NOT NULL,
  model varchar(100) NOT NULL,
  PRIMARY KEY (id)
)
ENGINE = INNODB,
AUTO_INCREMENT = 31,
AVG_ROW_LENGTH = 564,
CHARACTER SET utf8mb4,
COLLATE utf8mb4_0900_ai_ci;

--
-- Create index `django_content_type_app_label_model_76bd3d3b_uniq` on table `django_content_type`
--
ALTER TABLE django_content_type
ADD UNIQUE INDEX django_content_type_app_label_model_76bd3d3b_uniq (app_label, model);

--
-- Create table `auth_permission`
--
CREATE TABLE auth_permission (
  id int NOT NULL AUTO_INCREMENT,
  name varchar(255) NOT NULL,
  content_type_id int NOT NULL,
  codename varchar(100) NOT NULL,
  PRIMARY KEY (id)
)
ENGINE = INNODB,
AUTO_INCREMENT = 121,
AVG_ROW_LENGTH = 141,
CHARACTER SET utf8mb4,
COLLATE utf8mb4_0900_ai_ci;

--
-- Create index `auth_permission_content_type_id_codename_01ab375a_uniq` on table `auth_permission`
--
ALTER TABLE auth_permission
ADD UNIQUE INDEX auth_permission_content_type_id_codename_01ab375a_uniq (content_type_id, codename);

--
-- Create foreign key
--
ALTER TABLE auth_permission
ADD CONSTRAINT auth_permission_content_type_id_2f476e4b_fk_django_co FOREIGN KEY (content_type_id)
REFERENCES django_content_type (id);

--
-- Create table `auth_user`
--
CREATE TABLE auth_user (
  id int NOT NULL AUTO_INCREMENT,
  password varchar(128) NOT NULL,
  last_login datetime(6) DEFAULT NULL,
  is_superuser tinyint NOT NULL,
  username varchar(150) NOT NULL,
  first_name varchar(150) NOT NULL,
  last_name varchar(150) NOT NULL,
  email varchar(254) NOT NULL,
  is_staff tinyint NOT NULL,
  is_active tinyint NOT NULL,
  date_joined datetime(6) NOT NULL,
  PRIMARY KEY (id)
)
ENGINE = INNODB,
CHARACTER SET utf8mb4,
COLLATE utf8mb4_0900_ai_ci;

--
-- Create index `username` on table `auth_user`
--
ALTER TABLE auth_user
ADD UNIQUE INDEX username (username);

--
-- Create table `django_admin_log`
--
CREATE TABLE django_admin_log (
  id int NOT NULL AUTO_INCREMENT,
  action_time datetime(6) NOT NULL,
  object_id longtext DEFAULT NULL,
  object_repr varchar(200) NOT NULL,
  action_flag smallint UNSIGNED NOT NULL,
  change_message longtext NOT NULL,
  content_type_id int DEFAULT NULL,
  user_id int NOT NULL,
  PRIMARY KEY (id)
)
ENGINE = INNODB,
CHARACTER SET utf8mb4,
COLLATE utf8mb4_0900_ai_ci;

--
-- Create check constraint
--
ALTER TABLE django_admin_log
ADD CONSTRAINT django_admin_log_chk_1 CHECK (`action_flag` >= 0);

--
-- Create foreign key
--
ALTER TABLE django_admin_log
ADD CONSTRAINT django_admin_log_content_type_id_c4bce8eb_fk_django_co FOREIGN KEY (content_type_id)
REFERENCES django_content_type (id);

--
-- Create foreign key
--
ALTER TABLE django_admin_log
ADD CONSTRAINT django_admin_log_user_id_c564eba6_fk_auth_user_id FOREIGN KEY (user_id)
REFERENCES auth_user (id);

--
-- Create table `auth_user_user_permissions`
--
CREATE TABLE auth_user_user_permissions (
  id bigint NOT NULL AUTO_INCREMENT,
  user_id int NOT NULL,
  permission_id int NOT NULL,
  PRIMARY KEY (id)
)
ENGINE = INNODB,
CHARACTER SET utf8mb4,
COLLATE utf8mb4_0900_ai_ci;

--
-- Create index `auth_user_user_permissions_user_id_permission_id_14a6b632_uniq` on table `auth_user_user_permissions`
--
ALTER TABLE auth_user_user_permissions
ADD UNIQUE INDEX auth_user_user_permissions_user_id_permission_id_14a6b632_uniq (user_id, permission_id);

--
-- Create foreign key
--
ALTER TABLE auth_user_user_permissions
ADD CONSTRAINT auth_user_user_permi_permission_id_1fbb5f2c_fk_auth_perm FOREIGN KEY (permission_id)
REFERENCES auth_permission (id);

--
-- Create foreign key
--
ALTER TABLE auth_user_user_permissions
ADD CONSTRAINT auth_user_user_permissions_user_id_a95ead1b_fk_auth_user_id FOREIGN KEY (user_id)
REFERENCES auth_user (id);

--
-- Create table `auth_group`
--
CREATE TABLE auth_group (
  id int NOT NULL AUTO_INCREMENT,
  name varchar(150) NOT NULL,
  PRIMARY KEY (id)
)
ENGINE = INNODB,
CHARACTER SET utf8mb4,
COLLATE utf8mb4_0900_ai_ci;

--
-- Create index `name` on table `auth_group`
--
ALTER TABLE auth_group
ADD UNIQUE INDEX name (name);

--
-- Create table `auth_user_groups`
--
CREATE TABLE auth_user_groups (
  id bigint NOT NULL AUTO_INCREMENT,
  user_id int NOT NULL,
  group_id int NOT NULL,
  PRIMARY KEY (id)
)
ENGINE = INNODB,
CHARACTER SET utf8mb4,
COLLATE utf8mb4_0900_ai_ci;

--
-- Create index `auth_user_groups_user_id_group_id_94350c0c_uniq` on table `auth_user_groups`
--
ALTER TABLE auth_user_groups
ADD UNIQUE INDEX auth_user_groups_user_id_group_id_94350c0c_uniq (user_id, group_id);

--
-- Create foreign key
--
ALTER TABLE auth_user_groups
ADD CONSTRAINT auth_user_groups_group_id_97559544_fk_auth_group_id FOREIGN KEY (group_id)
REFERENCES auth_group (id);

--
-- Create foreign key
--
ALTER TABLE auth_user_groups
ADD CONSTRAINT auth_user_groups_user_id_6a12ed8b_fk_auth_user_id FOREIGN KEY (user_id)
REFERENCES auth_user (id);

--
-- Create table `auth_group_permissions`
--
CREATE TABLE auth_group_permissions (
  id bigint NOT NULL AUTO_INCREMENT,
  group_id int NOT NULL,
  permission_id int NOT NULL,
  PRIMARY KEY (id)
)
ENGINE = INNODB,
CHARACTER SET utf8mb4,
COLLATE utf8mb4_0900_ai_ci;

--
-- Create index `auth_group_permissions_group_id_permission_id_0cd325b0_uniq` on table `auth_group_permissions`
--
ALTER TABLE auth_group_permissions
ADD UNIQUE INDEX auth_group_permissions_group_id_permission_id_0cd325b0_uniq (group_id, permission_id);

--
-- Create foreign key
--
ALTER TABLE auth_group_permissions
ADD CONSTRAINT auth_group_permissio_permission_id_84c5c92e_fk_auth_perm FOREIGN KEY (permission_id)
REFERENCES auth_permission (id);

--
-- Create foreign key
--
ALTER TABLE auth_group_permissions
ADD CONSTRAINT auth_group_permissions_group_id_b120cbf9_fk_auth_group_id FOREIGN KEY (group_id)
REFERENCES auth_group (id);

--
-- Create table `django_session`
--
CREATE TABLE django_session (
  session_key varchar(40) NOT NULL,
  session_data longtext NOT NULL,
  expire_date datetime(6) NOT NULL,
  PRIMARY KEY (session_key)
)
ENGINE = INNODB,
CHARACTER SET utf8mb4,
COLLATE utf8mb4_0900_ai_ci;

--
-- Create index `django_session_expire_date_a5c62663` on table `django_session`
--
ALTER TABLE django_session
ADD INDEX django_session_expire_date_a5c62663 (expire_date);

--
-- Create table `django_migrations`
--
CREATE TABLE django_migrations (
  id bigint NOT NULL AUTO_INCREMENT,
  app varchar(255) NOT NULL,
  name varchar(255) NOT NULL,
  applied datetime(6) NOT NULL,
  PRIMARY KEY (id)
)
ENGINE = INNODB,
AUTO_INCREMENT = 24,
AVG_ROW_LENGTH = 862,
CHARACTER SET utf8mb4,
COLLATE utf8mb4_0900_ai_ci;

-- 
-- Dumping data for table khachhang
--
-- Table qlcuahangbangiay.khachhang does not contain any data (it is empty)

-- 
-- Dumping data for table danhmucgiay
--
-- Table qlcuahangbangiay.danhmucgiay does not contain any data (it is empty)

-- 
-- Dumping data for table taikhoan_khachhang
--
-- Table qlcuahangbangiay.taikhoan_khachhang does not contain any data (it is empty)

-- 
-- Dumping data for table django_content_type
--
INSERT INTO django_content_type VALUES
(1, 'admin', 'logentry'),
(8, 'AppGiay', 'appgiayuser'),
(9, 'AppGiay', 'authgroup'),
(10, 'AppGiay', 'authgrouppermissions'),
(11, 'AppGiay', 'authpermission'),
(12, 'AppGiay', 'authuser'),
(13, 'AppGiay', 'authusergroups'),
(14, 'AppGiay', 'authuseruserpermissions'),
(15, 'AppGiay', 'chitietdonhang'),
(16, 'AppGiay', 'chitietgiay'),
(17, 'AppGiay', 'chitiethoadonnhaphang'),
(18, 'AppGiay', 'danhmucgiay'),
(19, 'AppGiay', 'djangoadminlog'),
(20, 'AppGiay', 'djangocontenttype'),
(21, 'AppGiay', 'djangomigrations'),
(22, 'AppGiay', 'djangosession'),
(23, 'AppGiay', 'donhang'),
(24, 'AppGiay', 'hoadonnhaphang'),
(25, 'AppGiay', 'khachhang'),
(26, 'AppGiay', 'reviewsanpham'),
(27, 'AppGiay', 'role'),
(28, 'AppGiay', 'taikhoankhachhang'),
(7, 'AppGiay', 'user'),
(30, 'AppGiay', 'useraccount'),
(29, 'AppGiay', 'userhethong'),
(3, 'auth', 'group'),
(2, 'auth', 'permission'),
(4, 'auth', 'user'),
(5, 'contenttypes', 'contenttype'),
(6, 'sessions', 'session');

-- 
-- Dumping data for table hoadon_nhap_hang
--
-- Table qlcuahangbangiay.hoadon_nhap_hang does not contain any data (it is empty)

-- 
-- Dumping data for table donhang
--
-- Table qlcuahangbangiay.donhang does not contain any data (it is empty)

-- 
-- Dumping data for table chitietgiay
--
-- Table qlcuahangbangiay.chitietgiay does not contain any data (it is empty)

-- 
-- Dumping data for table auth_user
--
-- Table qlcuahangbangiay.auth_user does not contain any data (it is empty)

-- 
-- Dumping data for table auth_permission
--
INSERT INTO auth_permission VALUES
(1, 'Can add log entry', 1, 'add_logentry'),
(2, 'Can change log entry', 1, 'change_logentry'),
(3, 'Can delete log entry', 1, 'delete_logentry'),
(4, 'Can view log entry', 1, 'view_logentry'),
(5, 'Can add permission', 2, 'add_permission'),
(6, 'Can change permission', 2, 'change_permission'),
(7, 'Can delete permission', 2, 'delete_permission'),
(8, 'Can view permission', 2, 'view_permission'),
(9, 'Can add group', 3, 'add_group'),
(10, 'Can change group', 3, 'change_group'),
(11, 'Can delete group', 3, 'delete_group'),
(12, 'Can view group', 3, 'view_group'),
(13, 'Can add user', 4, 'add_user'),
(14, 'Can change user', 4, 'change_user'),
(15, 'Can delete user', 4, 'delete_user'),
(16, 'Can view user', 4, 'view_user'),
(17, 'Can add content type', 5, 'add_contenttype'),
(18, 'Can change content type', 5, 'change_contenttype'),
(19, 'Can delete content type', 5, 'delete_contenttype'),
(20, 'Can view content type', 5, 'view_contenttype'),
(21, 'Can add session', 6, 'add_session'),
(22, 'Can change session', 6, 'change_session'),
(23, 'Can delete session', 6, 'delete_session'),
(24, 'Can view session', 6, 'view_session'),
(25, 'Can add user', 7, 'add_user'),
(26, 'Can change user', 7, 'change_user'),
(27, 'Can delete user', 7, 'delete_user'),
(28, 'Can view user', 7, 'view_user'),
(29, 'Can add appgiay user', 8, 'add_appgiayuser'),
(30, 'Can change appgiay user', 8, 'change_appgiayuser'),
(31, 'Can delete appgiay user', 8, 'delete_appgiayuser'),
(32, 'Can view appgiay user', 8, 'view_appgiayuser'),
(33, 'Can add auth group', 9, 'add_authgroup'),
(34, 'Can change auth group', 9, 'change_authgroup'),
(35, 'Can delete auth group', 9, 'delete_authgroup'),
(36, 'Can view auth group', 9, 'view_authgroup'),
(37, 'Can add auth group permissions', 10, 'add_authgrouppermissions'),
(38, 'Can change auth group permissions', 10, 'change_authgrouppermissions'),
(39, 'Can delete auth group permissions', 10, 'delete_authgrouppermissions'),
(40, 'Can view auth group permissions', 10, 'view_authgrouppermissions'),
(41, 'Can add auth permission', 11, 'add_authpermission'),
(42, 'Can change auth permission', 11, 'change_authpermission'),
(43, 'Can delete auth permission', 11, 'delete_authpermission'),
(44, 'Can view auth permission', 11, 'view_authpermission'),
(45, 'Can add auth user', 12, 'add_authuser'),
(46, 'Can change auth user', 12, 'change_authuser'),
(47, 'Can delete auth user', 12, 'delete_authuser'),
(48, 'Can view auth user', 12, 'view_authuser'),
(49, 'Can add auth user groups', 13, 'add_authusergroups'),
(50, 'Can change auth user groups', 13, 'change_authusergroups'),
(51, 'Can delete auth user groups', 13, 'delete_authusergroups'),
(52, 'Can view auth user groups', 13, 'view_authusergroups'),
(53, 'Can add auth user user permissions', 14, 'add_authuseruserpermissions'),
(54, 'Can change auth user user permissions', 14, 'change_authuseruserpermissions'),
(55, 'Can delete auth user user permissions', 14, 'delete_authuseruserpermissions'),
(56, 'Can view auth user user permissions', 14, 'view_authuseruserpermissions'),
(57, 'Can add chitietdonhang', 15, 'add_chitietdonhang'),
(58, 'Can change chitietdonhang', 15, 'change_chitietdonhang'),
(59, 'Can delete chitietdonhang', 15, 'delete_chitietdonhang'),
(60, 'Can view chitietdonhang', 15, 'view_chitietdonhang'),
(61, 'Can add chitietgiay', 16, 'add_chitietgiay'),
(62, 'Can change chitietgiay', 16, 'change_chitietgiay'),
(63, 'Can delete chitietgiay', 16, 'delete_chitietgiay'),
(64, 'Can view chitietgiay', 16, 'view_chitietgiay'),
(65, 'Can add chitiethoadon nhap hang', 17, 'add_chitiethoadonnhaphang'),
(66, 'Can change chitiethoadon nhap hang', 17, 'change_chitiethoadonnhaphang'),
(67, 'Can delete chitiethoadon nhap hang', 17, 'delete_chitiethoadonnhaphang'),
(68, 'Can view chitiethoadon nhap hang', 17, 'view_chitiethoadonnhaphang'),
(69, 'Can add danhmucgiay', 18, 'add_danhmucgiay'),
(70, 'Can change danhmucgiay', 18, 'change_danhmucgiay'),
(71, 'Can delete danhmucgiay', 18, 'delete_danhmucgiay'),
(72, 'Can view danhmucgiay', 18, 'view_danhmucgiay'),
(73, 'Can add django admin log', 19, 'add_djangoadminlog'),
(74, 'Can change django admin log', 19, 'change_djangoadminlog'),
(75, 'Can delete django admin log', 19, 'delete_djangoadminlog'),
(76, 'Can view django admin log', 19, 'view_djangoadminlog'),
(77, 'Can add django content type', 20, 'add_djangocontenttype'),
(78, 'Can change django content type', 20, 'change_djangocontenttype'),
(79, 'Can delete django content type', 20, 'delete_djangocontenttype'),
(80, 'Can view django content type', 20, 'view_djangocontenttype'),
(81, 'Can add django migrations', 21, 'add_djangomigrations'),
(82, 'Can change django migrations', 21, 'change_djangomigrations'),
(83, 'Can delete django migrations', 21, 'delete_djangomigrations'),
(84, 'Can view django migrations', 21, 'view_djangomigrations'),
(85, 'Can add django session', 22, 'add_djangosession'),
(86, 'Can change django session', 22, 'change_djangosession'),
(87, 'Can delete django session', 22, 'delete_djangosession'),
(88, 'Can view django session', 22, 'view_djangosession'),
(89, 'Can add donhang', 23, 'add_donhang'),
(90, 'Can change donhang', 23, 'change_donhang'),
(91, 'Can delete donhang', 23, 'delete_donhang'),
(92, 'Can view donhang', 23, 'view_donhang'),
(93, 'Can add hoadon nhap hang', 24, 'add_hoadonnhaphang'),
(94, 'Can change hoadon nhap hang', 24, 'change_hoadonnhaphang'),
(95, 'Can delete hoadon nhap hang', 24, 'delete_hoadonnhaphang'),
(96, 'Can view hoadon nhap hang', 24, 'view_hoadonnhaphang'),
(97, 'Can add khachhang', 25, 'add_khachhang'),
(98, 'Can change khachhang', 25, 'change_khachhang'),
(99, 'Can delete khachhang', 25, 'delete_khachhang'),
(100, 'Can view khachhang', 25, 'view_khachhang'),
(101, 'Can add reviewsanpham', 26, 'add_reviewsanpham'),
(102, 'Can change reviewsanpham', 26, 'change_reviewsanpham'),
(103, 'Can delete reviewsanpham', 26, 'delete_reviewsanpham'),
(104, 'Can view reviewsanpham', 26, 'view_reviewsanpham'),
(105, 'Can add role', 27, 'add_role'),
(106, 'Can change role', 27, 'change_role'),
(107, 'Can delete role', 27, 'delete_role'),
(108, 'Can view role', 27, 'view_role'),
(109, 'Can add taikhoan khachhang', 28, 'add_taikhoankhachhang'),
(110, 'Can change taikhoan khachhang', 28, 'change_taikhoankhachhang'),
(111, 'Can delete taikhoan khachhang', 28, 'delete_taikhoankhachhang'),
(112, 'Can view taikhoan khachhang', 28, 'view_taikhoankhachhang'),
(113, 'Can add user hethong', 29, 'add_userhethong'),
(114, 'Can change user hethong', 29, 'change_userhethong'),
(115, 'Can delete user hethong', 29, 'delete_userhethong'),
(116, 'Can view user hethong', 29, 'view_userhethong'),
(117, 'Can add user account', 30, 'add_useraccount'),
(118, 'Can change user account', 30, 'change_useraccount'),
(119, 'Can delete user account', 30, 'delete_useraccount'),
(120, 'Can view user account', 30, 'view_useraccount');

-- 
-- Dumping data for table auth_group
--
-- Table qlcuahangbangiay.auth_group does not contain any data (it is empty)

-- 
-- Dumping data for table reviewsanpham
--
-- Table qlcuahangbangiay.reviewsanpham does not contain any data (it is empty)

-- 
-- Dumping data for table django_session
--
-- Table qlcuahangbangiay.django_session does not contain any data (it is empty)

-- 
-- Dumping data for table django_migrations
--
INSERT INTO django_migrations VALUES
(1, 'AppGiay', '0001_initial', '2023-11-08 14:10:15.497875'),
(2, 'contenttypes', '0001_initial', '2023-11-08 14:10:15.545115'),
(3, 'auth', '0001_initial', '2023-11-08 14:10:15.953637'),
(4, 'admin', '0001_initial', '2023-11-08 14:10:16.041016'),
(5, 'admin', '0002_logentry_remove_auto_add', '2023-11-08 14:10:16.041016'),
(6, 'admin', '0003_logentry_add_action_flag_choices', '2023-11-08 14:10:16.064542'),
(7, 'contenttypes', '0002_remove_content_type_name', '2023-11-08 14:10:16.129377'),
(8, 'auth', '0002_alter_permission_name_max_length', '2023-11-08 14:10:16.170755'),
(9, 'auth', '0003_alter_user_email_max_length', '2023-11-08 14:10:16.203083'),
(10, 'auth', '0004_alter_user_username_opts', '2023-11-08 14:10:16.213436'),
(11, 'auth', '0005_alter_user_last_login_null', '2023-11-08 14:10:16.260691'),
(12, 'auth', '0006_require_contenttypes_0002', '2023-11-08 14:10:16.261918'),
(13, 'auth', '0007_alter_validators_add_error_messages', '2023-11-08 14:10:16.274724'),
(14, 'auth', '0008_alter_user_username_max_length', '2023-11-08 14:10:16.320313'),
(15, 'auth', '0009_alter_user_last_name_max_length', '2023-11-08 14:10:16.364864'),
(16, 'auth', '0010_alter_group_name_max_length', '2023-11-08 14:10:16.384782'),
(17, 'auth', '0011_update_proxy_permissions', '2023-11-08 14:10:16.394679'),
(18, 'auth', '0012_alter_user_first_name_max_length', '2023-11-08 14:10:16.444685'),
(19, 'sessions', '0001_initial', '2023-11-08 14:10:16.463553'),
(20, 'AppGiay', '0002_appgiayuser_authgroup_authgrouppermissions_and_more', '2023-11-23 03:48:51.382191'),
(21, 'AppGiay', '0003_delete_appgiayuser', '2023-11-23 03:54:23.890464'),
(22, 'AppGiay', '0002_delete_role_delete_userhethong', '2023-11-27 05:21:43.635957'),
(23, 'AppGiay', '0002_alter_useraccount_date_joined', '2023-11-27 08:00:25.754075');

-- 
-- Dumping data for table django_admin_log
--
-- Table qlcuahangbangiay.django_admin_log does not contain any data (it is empty)

-- 
-- Dumping data for table chitiethoadon_nhap_hang
--
-- Table qlcuahangbangiay.chitiethoadon_nhap_hang does not contain any data (it is empty)

-- 
-- Dumping data for table chitietdonhang
--
-- Table qlcuahangbangiay.chitietdonhang does not contain any data (it is empty)

-- 
-- Dumping data for table auth_user_user_permissions
--
-- Table qlcuahangbangiay.auth_user_user_permissions does not contain any data (it is empty)

-- 
-- Dumping data for table auth_user_groups
--
-- Table qlcuahangbangiay.auth_user_groups does not contain any data (it is empty)

-- 
-- Dumping data for table auth_group_permissions
--
-- Table qlcuahangbangiay.auth_group_permissions does not contain any data (it is empty)

-- 
-- Restore previous SQL mode
-- 
/*!40101 SET SQL_MODE=@OLD_SQL_MODE */;

-- 
-- Enable foreign keys
-- 
/*!40014 SET FOREIGN_KEY_CHECKS = @OLD_FOREIGN_KEY_CHECKS */;